Setting Name,Value,Default Value,Factory Value,Type,Is Global
EXPRESS_PRIORITY.Max.CalculationTimeInterval,"100","100","100","number",No,
EXPRESS_PRIORITY.Max.EventArrivalTimeInterval,"100","100","100","number",No,
EXPRESS_PRIORITY.Max.EventArrivalTimeIntervalForImmediate,"0","0","0","number",No,
EXPRESS_PRIORITY.Max.PendingEventsAmount,"1","1","1","number",No,
EXPRESS_PRIORITY.Max.PendingEventsAmountForImmediate,"0","0","0","number",No,
EXPRESS_PRIORITY.Min.CalculationTimeInterval,"0","0","0","number",No,
EXPRESS_PRIORITY.Min.EventArrivalTimeInterval,"0","0","0","number",No,
EXPRESS_PRIORITY.Min.PendingEventsAmount,"1","1","1","number",No,
HIGH_PRIORITY.Max.CalculationTimeInterval,"30000","30000","30000","number",No,
HIGH_PRIORITY.Max.EventArrivalTimeInterval,"30000","30000","30000","number",No,
HIGH_PRIORITY.Max.EventArrivalTimeIntervalForImmediate,"10000","10000","10000","number",No,
HIGH_PRIORITY.Max.PendingEventsAmount,"1000","1000","1000","number",No,
HIGH_PRIORITY.Max.PendingEventsAmountForImmediate,"30000","30000","30000","number",No,
HIGH_PRIORITY.Min.CalculationTimeInterval,"10000","10000","10000","number",No,
HIGH_PRIORITY.Min.EventArrivalTimeInterval,"10000","10000","10000","number",No,
HIGH_PRIORITY.Min.PendingEventsAmount,"100","100","100","number",No,
LOW_PRIORITY.Max.CalculationTimeInterval,"300000","300000","300000","number",No,
LOW_PRIORITY.Max.EventArrivalTimeInterval,"300000","300000","300000","number",No,
LOW_PRIORITY.Max.EventArrivalTimeIntervalForImmediate,"30000","30000","30000","number",No,
LOW_PRIORITY.Max.PendingEventsAmount,"10000","10000","10000","number",No,
LOW_PRIORITY.Max.PendingEventsAmountForImmediate,"30000","30000","30000","number",No,
LOW_PRIORITY.Min.CalculationTimeInterval,"120000","120000","120000","number",No,
LOW_PRIORITY.Min.EventArrivalTimeInterval,"120000","120000","120000","number",No,
LOW_PRIORITY.Min.PendingEventsAmount,"1000","1000","1000","number",No,
MED_PRIORITY.Max.CalculationTimeInterval,"120000","120000","120000","number",No,
MED_PRIORITY.Max.EventArrivalTimeInterval,"120000","120000","120000","number",No,
MED_PRIORITY.Max.EventArrivalTimeIntervalForImmediate,"20000","20000","20000","number",No,
MED_PRIORITY.Max.PendingEventsAmount,"5000","5000","5000","number",No,
MED_PRIORITY.Max.PendingEventsAmountForImmediate,"30000","30000","30000","number",No,
MED_PRIORITY.Min.CalculationTimeInterval,"30000","30000","30000","number",No,
MED_PRIORITY.Min.EventArrivalTimeInterval,"30000","30000","30000","number",No,
MED_PRIORITY.Min.PendingEventsAmount,"500","500","500","number",No,
adapter.adhoc.task.remote.action.timeout,"600000","600000","600000","number",No,
adapter.adhoc.task.remote.pickup.timeout,"20000","20000","20000","number",No,
alternate.smtp.server.name,"","","","string",Yes,
alternate.smtp.server.password,"******","","","string",Yes,
alternate.smtp.server.port,"25","25","25","string",Yes,
alternate.smtp.server.username,"******","","","string",Yes,
api.session.authentication.session.cleanup.interval,"300","300","300","number",Yes,
api.session.authentication.session.idle.time,"1800","1800","1800","number",Yes,
appilog.collectors.Advancedresults,"true","true","true","boolean",No,
appilog.collectors.ClusterDisbalanceThresholdPercentage,"20","20","20","number",No,
appilog.collectors.DefaultAdHocTimeout,"300000","300000","300000","number",Yes,
appilog.collectors.DefaultDomain,"DefaultProbe","DefaultProbe","DefaultProbe","string",Yes,
appilog.collectors.DependenciesSearchQueueCapacity,"1000","1000","1000","number",No,
appilog.collectors.DependenciesSearchQueueProcessingThreads,"5","5","5","number",No,
appilog.collectors.DiscoveryStatisticsArchiveDays,"30","30","30","number",No,
appilog.collectors.DispatchConsistencyRelativeValidation,"Merge_Clustered_Software","Merge_Clustered_Software","Merge_Clustered_Software","String",Yes,
appilog.collectors.DownloadResourcesCachePeriod,"300000","300000","300000","number",No,
appilog.collectors.DownloadResourcesCacheShrinkFrequency,"300000","300000","300000","number",No,
appilog.collectors.DownloadResourcesCacheSize,"50","50","50","number",No,
appilog.collectors.EnableFilterStatisticsByAdapter,"false","false","false","boolean",No,
appilog.collectors.EnableIntegrationJobs,"false","false","false","boolean",No,
appilog.collectors.EnableManagementZoneOnlyJobs,"false","false","false","boolean",No,
appilog.collectors.ExcludeAdapterForLiveDiscoveryTask,"","","","String",No,
appilog.collectors.HPDocAuthorRegex,".*Hewlett-Packard.*",".*Hewlett-Packard.*",".*Hewlett-Packard.*","string",Yes,
appilog.collectors.HPIntroductionDocument,"AutoDiscoveryContent.pdf","AutoDiscoveryContent.pdf","AutoDiscoveryContent.pdf","string",Yes,
appilog.collectors.IsLiveDiscoveryEnabled,"true","true","true","boolean",No,
appilog.collectors.JobTasksGenerationThreads,"20","20","20","number",No,
appilog.collectors.LiveDiscoveryTaskInterval,"24","24","24","number",No,
appilog.collectors.LiveDiscoveryTaskStartTime,"24","24","24","number",No,
appilog.collectors.MaxObjectsForInClose,"500","500","500","number",Yes,
appilog.collectors.MaxResultsCIs,"10000","10000","10000","string",No,
appilog.collectors.MaxTaskSize,"500","500","500","number",Yes,
appilog.collectors.MaxTasksForTimeWindow,"100000","100000","100000","number",Yes,
appilog.collectors.MaxViewDiscoverySize,"10000","10000","10000","number",No,
appilog.collectors.MonitorTime,"1D","1D","1D","string",Yes,
appilog.collectors.ResetDiscoveryStatisticsIntervalHours,"168","168","168","number",No,
appilog.collectors.ResultProcessingQueueSize,"100000","100000","100000","number",No,
appilog.collectors.TriggerChunkSizeToDispatch,"1000","1000","1000","number",No,
appilog.collectors.UpdateLastTaskWaitPeriod,"3000","3000","3000","number",No,
appilog.collectors.configuration.synchronization.auto,"true","true","true","boolean",No,
appilog.collectors.deleteResultsOfNonActiveJobs,"true","true","true","boolean",No,
appilog.collectors.world.StatisticUpdatePCT,"20","20","20","number",Yes,
cache.globalucmdbid.maxsize,"1000","1000","1000","number",Yes,
cache.globalucmdbid.timeout.active,"1200","1200","1200","number",Yes,
cache.globalucmdbid.timeout.idle,"300","300","300","number",Yes,
categories.purge.scheduler.hour.of.first.run,"1","1","1","number",Yes,
categories.purge.scheduler.interval.in.hours,"24","24","24","number",Yes,
change.report.link.class.name,"","","","string",Yes,
change.report.link.class.qualifier,"","","","string",Yes,
ci.types.to.exclude.from.valid.links,"configuration_item;cluster","configuration_item;cluster","configuration_item;cluster","string",No,
class.model.indexed.attribute.names,"display_label;name","display_label;name","display_label;name","string",No,
classmodel.modeling_enabled.root.class.name,"configuration_item","configuration_item","configuration_item","string",No,
cm.configuration.timestamp,"1513089095323","0","0","string",Yes,
cmdb.default.thread.pool.size,"100","100","100","number",Yes,
cmdb.federation.search.enabled,"false","false","false","boolean",No,
cmdb.search.autocompletion.results.threshold,"1000","1000","1000","number",No,
cmdb.search.autocompletion.time.threshold,"500","500","500","number",No,
cmdb.search.batch.size,"300","300","300","number",No,
cmdb.search.compound.depth,"2","2","2","number",No,
cmdb.search.date.format,"both","both","both","string",No,
cmdb.search.enabled,"false","true","true","boolean",Yes,
cmdb.search.enriching.depth,"3","3","3","number",No,
cmdb.search.enriching.use.folding.rules,"true","true","true","boolean",No,
cmdb.search.filter.queries,"true","true","true","boolean",No,
cmdb.search.installed.content.version,"1","1","1","number",No,
cmdb.search.max.condition.phrases,"2","2","2","number",No,
cmdb.search.results.update.interval,"1000","1000","1000","number",Yes,
cmdb.search.solr.cloud.max.no.shards,"1","1","1","number",Yes,
cmdb.search.solr.cloud.nodes,"1","1","1","number",Yes,
cmdb.search.solr.cloud.replication.factor,"2","2","2","number",Yes,
cmdb.search.solr.cloud.shards,"1","1","1","number",Yes,
cmdb.search.solr.port,"8983","8983","8983","string",Yes,
cmdb.search.solr.standalone,"false","false","false","boolean",Yes,
cmdb.search.solr.standalone.url,"","","","string",Yes,
cmdb.search.thread.pool.size,"20","20","20","number",No,
cmdb.search.use.query.syntax.tree,"false","false","false","boolean",Yes,
cmdb.server.flowmanagement.tracking.enabled,"false","false","false","boolean",Yes,
cmdb.solr.fallback.period.in.seconds,"60","60","60","number",Yes,
cmdb.tql.calculation.plan.display,"true","true","true","boolean",No,
cmdb.tql.federated.get.optional.start.components,"true","true","true","boolean",No,
cmdb.tql.should.use.old.dbgrader,"true","true","true","boolean",No,
cmdb.tql.should.use.old.federatedgrader,"true","true","true","boolean",No,
cmdb.use.jetty.quickstart,"true","true","true","boolean",Yes,
cmdb.widget.tracker.dispose.cache.interval.in.min,"5","5","5","number",No,
cmdb.widget.tracker.min.till.dispose.cache,"5","5","5","number",No,
configuration.remote.action.timeout,"35000","35000","35000","number",No,
configuration.remote.pickup.timeout,"20000","20000","20000","number",No,
cyberark.integration.enabled,"false","false","false","boolean",Yes,
cyberark.parameter.list,"Safe,Folder,Address,AllowConnectToConsole,AllowMappingLocalDrives,AS400AccountType,BehindFireWall,Client,ClientDN,ConnectAs,Database,DSN,Location,LogonDomain,OwnerName,Port,ProxyAddress,ProxyAuthDomain,ProxyPassword,ProxyPort,ProxyType,ProxyUser,ReconcileIsWinAccount,ReconnectPeriod,ServerDN,SicCertFile,SubnetMask,SystemNumber,Timeout,Type,UseOnlyHTTP1,UserDN,Username,vty","Safe,Folder,Address,AllowConnectToConsole,AllowMappingLocalDrives,AS400AccountType,BehindFireWall,Client,ClientDN,ConnectAs,Database,DSN,Location,LogonDomain,OwnerName,Port,ProxyAddress,ProxyAuthDomain,ProxyPassword,ProxyPort,ProxyType,ProxyUser,ReconcileIsWinAccount,ReconnectPeriod,ServerDN,SicCertFile,SubnetMask,SystemNumber,Timeout,Type,UseOnlyHTTP1,UserDN,Username,vty","Safe,Folder,Address,AllowConnectToConsole,AllowMappingLocalDrives,AS400AccountType,BehindFireWall,Client,ClientDN,ConnectAs,Database,DSN,Location,LogonDomain,OwnerName,Port,ProxyAddress,ProxyAuthDomain,ProxyPassword,ProxyPort,ProxyType,ProxyUser,ReconcileIsWinAccount,ReconnectPeriod,ServerDN,SicCertFile,SubnetMask,SystemNumber,Timeout,Type,UseOnlyHTTP1,UserDN,Username,vty","string",Yes,
dal.classmodel.dao.type,"jdbc","jdbc","jdbc","enumeration",No,
dal.classmodel.deployment.dao.type,"xml","xml","xml","string",No,
dal.classmodel.deployment.file.name,"/cmdb/classmodel/deployment","/cmdb/classmodel/deployment","/cmdb/classmodel/deployment","string",No,
dal.classmodel.filesystem.file.name,"/cmdb/classmodel/persistency/classmodel.xml","/cmdb/classmodel/persistency/classmodel.xml","/cmdb/classmodel/persistency/classmodel.xml","string",No,
dal.classmodel.use.idgen,"true","true","true","boolean",No,
dal.datamodel.add.push.predicate.to.select,"true","true","true","boolean",No,
dal.datamodel.cancel.cardinality.comment,"false","false","false","boolean",No,
dal.datamodel.createtime.attribute.name,"create_time","create_time","create_time","string",No,
dal.datamodel.dao.type,"jdbc","jdbc","jdbc","enumeration",No,
dal.datamodel.max.name.length.allow,"30","30","30","number",No,
dal.datamodel.push.predicate.to.select.threshold,"1000","1000","1000","number",No,
dal.datamodel.updatetime.attribute.name,"last_modified_time","last_modified_time","last_modified_time","string",No,
dal.group.class.by.attribute.condition.max.result.size,"100000","100000","100000","number",No,
dal.handle.statistics.on.startup,"true","true","true","boolean",No,
dal.ignore.views.for.datamodel.query,"false","false","false","boolean",No,
dal.ignore.views.for.datamodel.query.chunk.size,"10","10","10","number",No,
dal.in.clause.threshold.mssql,"15","15","15","number",No,
dal.in.clause.threshold.mysql,"15","15","15","number",No,
dal.in.clause.threshold.oracle,"15","15","15","number",No,
dal.joinf.calc.chunk.size,"30000","30000","30000","number",No,
dal.joinf.max.result.size,"400000","400000","400000","number",No,
dal.link.condition.max.result.size,"500000","500000","500000","number",No,
dal.num.of.in.chunks.mssql,"1","1","1","number",No,
dal.num.of.in.chunks.mysql,"1","1","1","number",No,
dal.num.of.in.chunks.oracle,"1","1","1","number",No,
dal.object.condition.max.result.size,"2000000","2000000","2000000","number",No,
dal.optimization.inlist.condition.disabled,"false","false","false","boolean",Yes,
dal.optimized.joinf,"true","true","true","boolean",No,
dal.rerun.query.failed.in.parsing,"true","true","true","boolean",No,
dal.statistics.startup.aging.threshold.hours,"36","36","36","number",No,
dal.statistics.startup.percentage.threshold,"5","5","5","number",No,
dal.triple.max.result.size,"400000","400000","400000","number",No,
dal.use.memory.instead.temp.table.high.threshold.mssql,"10000000000","10000000000","10000000000","number",No,
dal.use.memory.instead.temp.table.high.threshold.mysql,"10000000000","10000000000","10000000000","number",No,
dal.use.memory.instead.temp.table.high.threshold.oracle,"600000","600000","600000","number",No,
dal.use.memory.instead.temp.table.low.threshold.mssql,"10000000000","10000000000","10000000000","number",No,
dal.use.memory.instead.temp.table.low.threshold.mysql,"10000000000","10000000000","10000000000","number",No,
dal.use.memory.instead.temp.table.low.threshold.oracle,"100000","100000","100000","number",No,
dal.use.statement,"true","true","true","boolean",No,
datain.always.update.data.stores,"UCMDB-UI, UCMDB, Enrichment","UCMDB-UI, UCMDB, Enrichment","UCMDB-UI, UCMDB, Enrichment","string",No,
datain.high.priority.callers,"","","","string",No,
datastore.remote.deploy.timeout,"300000","300000","300000","number",No,
db.connection.pool.timeout,"1800000","1800000","1800000","number",Yes,
default.domain,"DefaultDomain","DefaultDomain","DefaultDomain","string",No,
default.group.assignment,"","","","string",No,
display.tenant.attributes,"false","false","false","boolean",No,
dynamic.semaphores.enabled,"false","false","false","boolean",Yes,
dynamic.widget.types.list,"Properties Mode,Topology Map Mode,Topology CIT Group Mode,Topology Textual Mode","","","string",Yes,
email.get.in.x.seconds,"10","10","10","number",Yes,
email.send.from,"admin@ucmdb.com","admin@ucmdb.com","admin@ucmdb.com","string",Yes,
email.send.from.iseditable,"true","true","true","boolean",Yes,
email.send.in.x.seconds,"5","5","5","number",Yes,
email.send.in.x.seconds.to.same.recipient,"20","20","20","number",Yes,
enable.fips.mode,"false","false","false","boolean",Yes,
enable.high.availability,"true","true","true","boolean",Yes,
enable.ldap.authentication.in.non.interactive.flow,"true","true","true","boolean",Yes,
enable.scheduled.jobs.auto.run,"true","true","true","boolean",No,
enable.ui.remote.invocation.logging,"false","false","false","boolean",Yes,
enrichment.business.view.max.allowed.links.creating,"15000","15000","15000","number",No,
enrichment.business.view.scheduler.cron.expression,"0 0 0/12 * * ?","0 0 0/12 * * ?","0 0 0/12 * * ?","string",No,
enrichment.business.view.scheduler.interval,"12","12","12","number",No,
enrichment.business.view.scheduler.type,"1","1","1","number",No,
enrichment.calculator.manager.async.thread.pool.size,"5","5","5","number",No,
enrichment.in.memory.calculate.cis.chunk.size,"20000","20000","20000","number",No,
enrichment.max.allowed.cis.changes,"1000000","1000000","1000000","number",No,
enrichment.model.changes.chunk.size,"20000","20000","20000","number",No,
enrichment.name.updatedby.size,"50","50","50","number",No,
excluded.ci.types.for.counting.licenses,"cluster_resource_group;hp_complex;hp_nonstop;ibm_pseries_frame;terminalserver;netdevice;mainframe;ldom_server","cluster_resource_group;hp_complex;hp_nonstop;ibm_pseries_frame;terminalserver;netdevice;mainframe;ldom_server","cluster_resource_group;hp_complex;hp_nonstop;ibm_pseries_frame;terminalserver;netdevice;mainframe;ldom_server","string",Yes,
fcmdb.adapters.data.stores.supporting.one.node.tql,"","","","string",No,
fcmdb.filesystem.revision,"535","1","1","number",Yes,
fcmdb.tql.calculation.start.point.adapters,"ServiceCenterAdapter6-2;ServiceManagerAdapter7-0;ServiceManagerAdapter7-1;ServiceManagerAdapter9-x","ServiceCenterAdapter6-2;ServiceManagerAdapter7-0;ServiceManagerAdapter7-1;ServiceManagerAdapter9-x","ServiceCenterAdapter6-2;ServiceManagerAdapter7-0;ServiceManagerAdapter7-1;ServiceManagerAdapter9-x","string",No,
federation.remote.action.timeout,"180000","180000","180000","number",No,
federation.remote.pickup.timeout,"20000","20000","20000","number",No,
gate.statemachine.first.fail.recover.time,"30","30","30","number",No,
gate.statemachine.second.fail.recover.time,"300","300","300","number",No,
gate.statemachine.third.fail.recover.time,"86400","86400","86400","number",No,
global.id.generator.scopes,"All","All","All","string",No,
ha.cluster.authentication.enabled,"false","false","false","boolean",Yes,
ha.cluster.message.encryption.enabled,"false","false","false","boolean",Yes,
ha.cluster.stickiness.enabled,"false","true","true","boolean",Yes,
ha.cluster.transport.protocol,"TCP","TCP","TCP","enumeration",Yes,
ha.load.balancer.force.close.connection,"true","true","true","boolean",Yes,
ha.load.balancer.session.cookie.name,"LBSessionCookie","LBSessionCookie","LBSessionCookie","string",Yes,
ha.load.balancer.session.cookie.value,"do_not_create","do_not_create","do_not_create","enumeration",Yes,
ha.ports.range,"0","0","0","number",Yes,
ha.should.update.writer.timestamp,"15","15","15","number",Yes,
ha.tp.port,"7800","7800","7800","number",Yes,
ha.udp.multicast.port,"7600","7600","7600","number",Yes,
ha.writer.inactivity.period.threshold,"240","240","240","number",Yes,
ha.writer.suggestion.period.threshold,"240","240","240","number",Yes,
hidden.adapter.categories,"Generic;Hidden","Generic;Hidden","Generic;Hidden","string",No,
hide.backend.server.name,"false","false","false","boolean",Yes,
hide.empty.snapshots,"true","true","true","boolean",No,
hide.empty.snapshots.older.than.value,"3","3","3","number",No,
history.baseline.defined.start.date,"10 00","10 00","10 00","number",Yes,
history.baseline.operation.timeout.minutes,"60","60","60","number",Yes,
history.change.monitored.root.object,"managed_object","managed_object","managed_object","string",Yes,
history.change.monitored.root.relationship,"managed_relationship","managed_relationship","managed_relationship","string",Yes,
history.dal.query.max.result.size,"100000","100000","100000","number",No,
history.data.upgrade.enabled,"true","true","true","boolean",Yes,
history.enabled,"true","true","true","boolean",No,
history.initial.state.deployment,"true","true","true","boolean",No,
history.max.number.of.input.ids.in.query,"100000","100000","100000","number",No,
history.prev.change.monitored.root.object,"managed_object","managed_object","managed_object","string",No,
history.prev.change.monitored.root.relationship,"managed_relationship","managed_relationship","managed_relationship","string",No,
history.purging.extra.months.to.save.back.removed.data,"1","1","1","number",No,
history.purging.months.to.save.back,"3","3","3","number",No,
history.purging.scheduler.hour.of.first.run,"01","01","01","number",No,
history.purging.scheduler.interval.in.hours,"24","24","24","number",No,
history.temp.cancel.auto.completion,"false","false","false","boolean",Yes,
history.tenant.bitmask.size,"128","128","128","number",Yes,
idm.enabled,"false","false","false","boolean",Yes,
java.naming.ldap.isSearchForDnActive,"true","true","true","boolean",Yes,
java.naming.ldap.search.dn,"cn=Directory Manager","cn=Directory Manager","cn=Directory Manager","string",Yes,
java.naming.ldap.search.retries.count,"5","5","5","number",Yes,
java.naming.provider.url,"","","","string",Yes,
java.naming.security.protocol,"","","","enumeration",Yes,
jetty.component.mapping.axis2,"http,https","http,https","http,https","string",Yes,
jetty.component.mapping.cm,"https","https","https","string",Yes,
jetty.component.mapping.discoverylog,"http,https","http,https","http,https","string",Yes,
jetty.component.mapping.jmx.console,"http,https","http,https","http,https","string",Yes,
jetty.component.mapping.mam.collectors,"https","https","https","string",Yes,
jetty.component.mapping.ping,"http,https","http,https","http,https","string",Yes,
jetty.component.mapping.rest-api,"http,https","http,https","http,https","string",Yes,
jetty.component.mapping.root,"http,https","http,https","http,https","string",Yes,
jetty.component.mapping.shortstatus,"http,https","http,https","http,https","string",Yes,
jetty.component.mapping.status,"http,https","http,https","http,https","string",Yes,
jetty.component.mapping.ucmdb.api,"http,https","http,https","http,https","string",Yes,
jetty.component.mapping.ucmdb.browser,"http,https","http,https","http,https","string",Yes,
jetty.component.mapping.ucmdb.ui,"http,https","http,https","http,https","string",Yes,
jetty.component.mapping.uploadfiles,"http,https","http,https","http,https","string",Yes,
jetty.component.status.visible,"true","true","true","boolean",Yes,
jetty.connectionIdleTimeout,"300000","300000","300000","number",Yes,
jetty.connections.http.enabled,"true","false","false","boolean",Yes,
jetty.connections.http.port,"8080","8080","8080","number",Yes,
jetty.connections.http.probe.basicAuthentication.defaultPassword,"******","TtgxsBkD+s0lPwSB0hz+GA==","TtgxsBkD+s0lPwSB0hz+GA==","string",Yes,
jetty.connections.http.probe.basicAuthentication.defaultUsername,"TtgxsBkD+s0lPwSB0hz+GA==","TtgxsBkD+s0lPwSB0hz+GA==","TtgxsBkD+s0lPwSB0hz+GA==","string",Yes,
jetty.connections.http.probe.basicAuthentication.enabled,"false","false","false","boolean",Yes,
jetty.connections.https.client.auth.enabled,"true","true","true","boolean",Yes,
jetty.connections.https.client.auth.port,"8444","8444","8444","number",Yes,
jetty.connections.https.enabled,"true","true","true","boolean",Yes,
jetty.connections.https.port,"8443","8443","8443","number",Yes,
jetty.header.buffer.size,"6144","6144","6144","number",Yes,
jetty.login.page.as.root.handler,"false","false","false","boolean",Yes,
jetty.maxQueued,"500","500","500","number",Yes,
jetty.maxThreads,"300","300","300","number",Yes,
jetty.root.context,"/","/","/","string",Yes,
jvm.state_poller.timeout,"60","60","60","number",Yes,
jvm.thread.dump.log.rotate.time,"3600","60","60","number",Yes,
jvm.thread.dump.log.rotate.zip.cleanup.time,"43200","432000","432000","number",Yes,
jvm.thread.dump.timeout,"900","30","30","number",Yes,
jvm.thread.dump.zip.freq,"1800","30","30","number",Yes,
ldap.authentication.type,"Common LDAP","Common LDAP","Common LDAP","enumeration",Yes,
ldap.enable.user.sync,"true","true","true","boolean",Yes,
ldap.forceCaseMatchInAuthentication,"false","false","false","boolean",Yes,
ldap.groupsBase,"dc=example, dc=com","dc=example, dc=com","dc=example, dc=com","string",Yes,
ldap.groupsDescriptionAttribute,"description","description","description","string",Yes,
ldap.groupsDisplayNameAttribute,"cn","cn","cn","string",Yes,
ldap.groupsFilter,"(|(objectclass=groupOfNames)(objectclass=groupOfUniqueNames)(objectclass=groupOfUrls)(objectclass=accessGroup)(objectclass=accessRole))","(|(objectclass=groupOfNames)(objectclass=groupOfUniqueNames)(objectclass=groupOfUrls)(objectclass=accessGroup)(objectclass=accessRole))","(|(objectclass=groupOfNames)(objectclass=groupOfUniqueNames)(objectclass=groupOfUrls)(objectclass=accessGroup)(objectclass=accessRole))","string",Yes,
ldap.groupsMembersAttribute,"uniqueMember","uniqueMember","uniqueMember","string",Yes,
ldap.groupsNameAttribute,"cn","cn","cn","string",Yes,
ldap.groupsObjectClass,"groupOfUniqueNames","groupOfUniqueNames","groupOfUniqueNames","string",Yes,
ldap.groupsScope,"sub","sub","sub","enumeration",Yes,
ldap.rootGroupsBase,"dc=example, dc=com","dc=example, dc=com","dc=example, dc=com","string",Yes,
ldap.rootGroupsFilter,"(|(objectclass=groupOfNames)(objectclass=groupOfUniqueNames)(objectclass=groupOfUrls)(objectclass=accessGroup)(objectclass=accessRole))","(|(objectclass=groupOfNames)(objectclass=groupOfUniqueNames)(objectclass=groupOfUrls)(objectclass=accessGroup)(objectclass=accessRole))","(|(objectclass=groupOfNames)(objectclass=groupOfUniqueNames)(objectclass=groupOfUrls)(objectclass=accessGroup)(objectclass=accessRole))","string",Yes,
ldap.rootGroupsScope,"sub","sub","sub","enumeration",Yes,
ldap.useBottomUpAlgorithmForFindParentGroupsOfUserPlain,"false","false","false","boolean",Yes,
ldap.usersDisplayNameAttribute,"cn","cn","cn","string",Yes,
ldap.usersFilter,"(&(uid=*)(objectclass=inetOrgPerson))","(&(uid=*)(objectclass=inetOrgPerson))","(&(uid=*)(objectclass=inetOrgPerson))","string",Yes,
ldap.usersObjectClass,"inetOrgPerson","inetOrgPerson","inetOrgPerson","string",Yes,
ldap.usersUniqueIDAttribute,"uid","uid","uid","string",Yes,
license.expiration.notification.days,"30","30","30","number",Yes,
license.usage.tracking.enabled,"false","false","false","boolean",Yes,
license.usage.tracking.hub,"","","","string",Yes,
licensing.tql.calculation.scheduler.cron.expression,"0 0 5 * * ?","0 0 5 * * ?","0 0 5 * * ?","string",Yes,
mam.common.enable.manual.reconciliation,"false","false","false","boolean",No,
mam.common.file.upload.archive.maximum.size,"500000","500000","500000","number",No,
mam.common.file.upload.xml.maximum.size,"100000","100000","100000","number",No,
mam.common.general.candidates.deletion.refresh.time,"86400000","86400000","86400000","number",No,
mam.common.general.event.refresh.time,"30000","30000","30000","number",No,
mam.common.general.extended.link.root,"extended_link","extended_link","extended_link","string",No,
mam.common.general.extended.object.root,"extended_object","extended_object","extended_object","string",No,
mam.common.general.find.list.size,"10","10","10","number",No,
mam.common.general.link.root,"managed_relationship","managed_relationship","managed_relationship","string",No,
mam.common.general.object.root,"managed_object","managed_object","managed_object","string",No,
mam.common.jar.files.dir.path,"","","","string",No,
mam.common.map.MaxLabelLinesForLayer,"15","15","15","number",No,
mam.common.map.MaxLabelSizeForLayer,"15","15","15","number",No,
mam.common.map.MaxObjectCountGui,"1300","1300","1300","number",No,
mam.common.map.MaxObjectCountGuiForTS,"900","900","900","number",No,
mam.common.map.XLSReportColumnSize,"0","0","0","number",No,
mam.common.map.amber.matching.rules,"false","false","false","boolean",Yes,
mam.common.map.amber.url,"","","","string",Yes,
mam.common.map.ucmdb_browser.context.menu.link,"true","true","true","boolean",No,
mam.common.map.ucmdb_browser.url,"https://go4sapmaster.helion1.hpintelco.org:8444/ucmdb-browser/?server=hcm-ucmdb-svc.hcm2.svc.cluster.local","","","string",Yes,
mam.common.map.ucmdb_browser.version,"","","","string",Yes,
mam.common.reports.MaxColumnsForPdfExport,"20","20","20","number",No,
mam.gui.action.size.mapserver.bussiness.service.classes,"host","host","host","string",No,
mam.gui.action.size.max.connect.try,"9","9","9","number",No,
mam.gui.action.size.node.instances.bulk.size,"30","30","30","number",No,
mam.gui.action.size.polling.delay,"180000","180000","180000","number",No,
mam.gui.action.size.view.lifecycle.notify.delay,"300000","300000","300000","number",No,
mam.gui.allowed.minutes.to.be.inactive,"1440","1440","1440","number",No,
mam.gui.automation.flow.mapping.enabled,"true","true","true","boolean",No,
mam.gui.bundles.ci.selector.hidden.bundles.names,"","","","string",No,
mam.gui.bundles.default.bundles.names,"","","","string",No,
mam.gui.bundles.filterable.bundles.list,"","","","string",No,
mam.gui.bundles.get.related.hidden.perspectvies.bundles.names,"","","","string",No,
mam.gui.ci.attribute.suggestions.database_chunk_size,"1000","1000","1000","number",No,
mam.gui.ci.attribute.suggestions.display_chunk_size,"10","10","10","number",No,
mam.gui.ci.attribute.suggestions.enabled,"true","true","true","boolean",No,
mam.gui.ci.selector.export.max.objects,"10000","10000","10000","number",Yes,
mam.gui.ci.selector.history.changes.on.view.max.cis,"150","150","150","number",Yes,
mam.gui.ci.selector.topology.results.tree.seconds.refresh.interval,"30","30","30","number",No,
mam.gui.ci.selector.views.selector.seconds.refresh.interval,"60","60","60","number",No,
mam.gui.citmanager.show.lic.type.attribute,"false","false","false","boolean",Yes,
mam.gui.classmodel.javadoc.export.require.authentication,"false","false","false","boolean",Yes,
mam.gui.display.direct.link.to.export,"false","false","false","boolean",No,
mam.gui.enable.scope.change,"true","true","true","boolean",No,
mam.gui.external.help.point.launcher,"","","","string",No,
mam.gui.general.settings.validation,"true","true","true","boolean",Yes,
mam.gui.initially.expand.group.max.cis.threshold,"10","10","10","number",No,
mam.gui.limit.model.hierarchy.ci.count,"40000","40000","40000","number",No,
mam.gui.limit.model.hierarchy.level.depth,"20","20","20","number",No,
mam.gui.lwsso.minutes.ping.interval,"2","2","2","number",Yes,
mam.gui.map.BrowserURL,"cmd /c start iexplore","cmd /c start iexplore","cmd /c start iexplore","string",No,
mam.gui.map.label.transparent,"true","true","true","boolean",No,
mam.gui.map.past.hours.view.changes.map,"24","24","24","number",No,
mam.gui.menu,"","","","XML",No,
mam.gui.permissions.refresh.rate,"5","5","5","number",No,
mam.gui.perspective.based.view.default.perspectives,"Content Only","Content Only","Content Only","string",No,
mam.gui.query.default.persistency,"false","false","false","boolean",No,
mam.gui.query.default.priority,"2","2","2","number",No,
mam.gui.report.export.icons.enabled,"true","true","true","boolean",No,
mam.gui.report.export.links.enabled,"true","true","true","boolean",No,
mam.gui.rolesmanager.hidden.general.actions.list,"","","","string",Yes,
mam.gui.sso.auto.user.creation,"true","true","true","boolean",Yes,
mam.gui.sso.default.non.existing.user.role,"Guests","Guests","Guests","string",Yes,
mam.gui.switch.between.external.and.local.panels.in.mapping.tool,"false","false","false","boolean",Yes,
mam.impact.max.calc.allowed.time.sec,"180","180","180","number",No,
mam.impact.max.calc.result.size,"200000","200000","200000","number",No,
mam.impact.max.invoked.action.calc,"300","300","300","number",No,
mam.proxy.balancer.server.path,"","","","string",Yes,
mam.proxy.has.balancer,"false","false","false","boolean",Yes,
mam.proxy.server.path,"","","","string",Yes,
mam.server.acl.administrator,"Admin","Admin","Admin","string",No,
mam.server.cac.accept.only.cac.certificate,"false","false","false","boolean",Yes,
mam.server.cac.clr.location,"","","","string",Yes,
mam.server.cac.field.for.username,"PRINCIPAL_NAME_FROM_SAN_FIELD","PRINCIPAL_NAME_FROM_SAN_FIELD","PRINCIPAL_NAME_FROM_SAN_FIELD","string",Yes,
mam.server.cac.is.enabled,"false","false","false","boolean",Yes,
mam.server.cac.with.reverse.proxy,"false","false","false","boolean",Yes,
mam.server.general.RulesPackageName,"Rules.zip","Rules.zip","Rules.zip","string",No,
mam.server.general.serverid,"localhost:1099","localhost:1099","localhost:1099","string",Yes,
mam.server.logout.forward.url,"/login_page.jsp","/login_page.jsp","/login_page.jsp","string",No,
mam.server.map.MaxObjectsInMapServerCheckTimeInterval,"900","900","900","number",Yes,
mam.server.map.MaxObjectsInMapServerError,"1000000","1000000","1000000","number",Yes,
mam.server.map.MaxObjectsInMapServerWarn,"800000","800000","800000","number",Yes,
mam.server.map.MaxRecalcTqlsInGetViewsByObjects,"20","20","20","number",Yes,
mam.server.map.MaxViews,"5000","5000","5000","number",No,
mam.server.map.MinimumForRebuildView,"2000","2000","2000","number",No,
mam.server.map.MinimumPercentForRebuildView,"0.2","0.2","0.2","float",No,
mam.server.map.TempViewsLifeTime,"3600","3600","3600","number",No,
mam.server.map.TqlNodeClassesForAllLayout,"","","","string",No,
mam.server.map.ViewUpdateDispatcher.TimeInterval,"5","5","5","number",No,
mam.server.map.ViewsSnapshotsInterval,"86400","86400","86400","number",No,
mam.server.map.ViewsUsageCheckTimeInterval,"900","900","900","number",No,
mam.server.map.ViewsUsageUntouchedTimeBeforeEmptyView,"3600","3600","3600","number",No,
mam.server.map.getLayerUnderLinkExtended,"true","true","true","boolean",No,
mam.server.map.isInSharedMode,"false","false","false","boolean",Yes,
mam.server.map.minNodesForStopRebuildAfterFoldingLinkRemoved,"50000","50000","50000","number",No,
mam.server.max.domain.extension.length,"8","8","8","number",Yes,
mam.server.mms.mamDefaultCustomer,"1","1","1","number",Yes,
mam.server.packaging.DefaultCustomerDirLocation,"JavaProductDir/mam_lib","JavaProductDir/mam_lib","JavaProductDir/mam_lib","string",No,
mam.server.packaging.DefaultDir,"JavaProductDir/mam_lib/factory_packages","JavaProductDir/mam_lib/factory_packages","JavaProductDir/mam_lib/factory_packages","string",No,
mam.server.packaging.version,"10.33","","","string",No,
mam.server.report.asset.host,"4","4","4","number",Yes,
mam.server.report.asset.tql,"AssetReport","AssetReport","AssetReport","string",Yes,
mam.server.report.should.upgrade,"true","true","true","boolean",No,
mam.server.report.subGraph.depth,"50","50","50","number",Yes,
mam.server.sso.algorithm.padding.name,"","","","string",Yes,
mam.server.sso.cipher.type,"","","","string",Yes,
mam.server.sso.cookie.expiration.period,"30","30","30","number",Yes,
mam.server.sso.crypto.source,"","","","string",Yes,
mam.server.sso.direct.key.encoding,"","","","string",Yes,
mam.server.sso.domain,"helion1.hpintelco.org","","","string",Yes,
mam.server.sso.encoding.mode,"","","","string",Yes,
mam.server.sso.engine.name,"","","","string",Yes,
mam.server.sso.init.string,"66a6eb5c7f43454438b4dca583338584","","","string",Yes,
mam.server.sso.is.auto.cookie.creation.enabled,"true","true","true","boolean",Yes,
mam.server.sso.is.cookie.creation.enabled,"true","true","true","boolean",Yes,
mam.server.sso.is.direct.key.encoded,"false","false","false","boolean",Yes,
mam.server.sso.is.enabled,"true","false","false","boolean",Yes,
mam.server.sso.is.reverse.proxy.enabled,"false","false","false","boolean",Yes,
mam.server.sso.is.saml2.support.enabled,"false","false","false","boolean",Yes,
mam.server.sso.jce.pbe.algorithm.name,"","","","string",Yes,
mam.server.sso.jce.pbe.mac.algorithm.name,"","","","string",Yes,
mam.server.sso.jce.provider.name,"","","","string",Yes,
mam.server.sso.key.size,"","","","number",Yes,
mam.server.sso.mac.algorithm.name,"","","","string",Yes,
mam.server.sso.mac.key.size,"","","","number",Yes,
mam.server.sso.mac.pbe.count,"","","","number",Yes,
mam.server.sso.mac.type,"","","","string",Yes,
mam.server.sso.padding.mode.name,"","","","string",Yes,
mam.server.sso.pbe.count,"","","","number",Yes,
mam.server.sso.pbe.digest.algorithm,"","","","string",Yes,
mam.server.sso.reverse.proxy.full.server.url,"","","","string",Yes,
mam.server.sso.reverse.proxy.ips,"","","","string",Yes,
mam.server.sso.setup.first.run,"true","false","false","boolean",Yes,
mam.server.sso.trusted.dns.domains,"","","","string",Yes,
mam.server.sso.trusted.fqdn,"","","","string",Yes,
mam.server.sso.trusted.ips,"","","","string",Yes,
mam.server.sso.trusted.net.bios.names,"","","","string",Yes,
mam.web.allow.get.request.credentials.transfer,"true","true","true","boolean",No,
mam.web.general.server.id.proxy,"10000","10000","10000","number",No,
mam.web.is.disable.ui.enforcement,"false","false","false","boolean",No,
mam.web.is.jnlp.enabled,"false","false","false","boolean",Yes,
mam.web.is.local.installation.mode.permitted,"true","true","true","boolean",No,
mam.web.should.read.web.browser.cookies,"false","false","false","boolean",Yes,
mam.web.user.activity.log.enabled,"true","true","true","boolean",No,
mam.web.user.failed.login.attempts.limit,"3","3","3","number",No,
mam.web.user.lockout.enabled,"true","true","true","boolean",No,
mam.web.user.lockout.timeout,"10","10","10","number",No,
max.objects.for.insert.results,"50","50","50","number",Yes,
model.aging.chunk.size,"20000","20000","20000","number",No,
model.aging.delay.between.chunks,"30000","30000","30000","number",No,
model.aging.is.aging.allowed.in.authorized.state,"false","false","false","boolean",No,
model.aging.is.aging.enabled,"true","true","true","boolean",No,
model.aging.model.update.chunk.size,"5000","5000","5000","number",No,
model.aging.scheduler.blackout.end.hour,"22","22","22","number",No,
model.aging.scheduler.blackout.start.hour,"07","07","07","number",No,
model.aging.scheduler.hour.of.first.run,"02","02","02","number",No,
model.aging.scheduler.interval.in.hours,"24","24","24","number",No,
model.aging.scheduler.is.blackout.period.enabled,"false","false","false","boolean",No,
model.allow.stop,"true","true","true","boolean",Yes,
model.allow.volatility,"true","true","true","boolean",Yes,
model.change.percent.statistics.threshold,"10","10","10","number",Yes,
model.database.size.statistics.threshold,"100000","100000","100000","number",Yes,
model.enable.dirty.read,"true","true","true","boolean",Yes,
model.enable.run.statistics.automatically,"true","true","true","boolean",Yes,
model.initial.state.deployment,"true","true","true","boolean",No,
model.max.allow.recalculate.attribute.cis,"50000","50000","50000","number",Yes,
model.max.hours.to.keep.classes.count.cache.in.memory,"24","24","24","number",No,
model.max.number.classes.count.cache.in.memory,"128","128","128","number",No,
model.max.removed.cis,"1000000","1000000","1000000","number",Yes,
model.notification.max.num.of.changes.express.priority,"1","1","1","number",No,
model.notification.max.num.of.changes.high.priority,"10","10","10","number",No,
model.notification.max.num.of.changes.low.priority,"1000","1000","1000","number",No,
model.notification.max.num.of.changes.medium.priority,"100","100","100","number",No,
model.notification.max.waiting.time.express.priority,"1000","1000","1000","number",No,
model.notification.max.waiting.time.high.priority,"20000","20000","20000","number",No,
model.notification.max.waiting.time.low.priority,"1000000","1000000","1000000","number",No,
model.notification.max.waiting.time.medium.priority,"100000","100000","100000","number",No,
model.notification.periodic.task.running.interval,"5000","5000","5000","number",No,
model.notification.periodic.task.start.delay,"0","0","0","number",No,
model.query.negated.condition.processing.multi.tenant.optimization.threshold,"30000","30000","30000","number",No,
model.time.interval.for.update.classes.count.cache,"300000","300000","300000","number",Yes,
model.top.attribute.values.instances.fuse,"1000000","1000000","1000000","number",No,
model.touch.uselocks,"true","true","true","boolean",Yes,
monitor.AdHocTQL.elapsed.time.error,"15000","15000","15000","number",Yes,
monitor.AdHocTQL.elapsed.time.warning,"2000","2000","2000","number",Yes,
monitor.LoadClassModel.elapsed.time.error,"15000","15000","15000","number",Yes,
monitor.LoadClassModel.elapsed.time.warning,"2000","2000","2000","number",Yes,
monitor.pattern.result.error,"90","90","90","number",Yes,
monitor.pattern.result.warning,"80","80","80","number",Yes,
monitor.quota.model.objects.error,"95","95","95","number",Yes,
monitor.quota.model.objects.warning,"70","70","70","number",Yes,
monitor.quota.tql.active.error,"95","95","95","number",Yes,
monitor.quota.tql.active.warning,"70","70","70","number",Yes,
monitor.scheduler.delay.time,"900","900","900","number",Yes,
monitor.scheduler.timer.time,"900","900","900","number",Yes,
multi.tenancy.default.tenant_id,"System Default Tenant","System Default Tenant","System Default Tenant","string",Yes,
multi.tenancy.enabled,"true","false","false","boolean",Yes,
multi.tenancy.visible.in.ui,"true","true","true","boolean",Yes,
nmui.default.owner.link.class,"ownership","ownership","ownership","string",No,
nmui.default.owner.link.direction,"ownerToModel","ownerToModel","ownerToModel","enumeration",No,
nmui.default.owner.object,"<CmdbObject> <ID>099b6d002ce8123e020f4d3de414fb29</ID> <Type>organization</Type>
            <Properties> <CmdbProperty> <Key>name</Key> <Type>string</Type> <Value>Default
            Owner</Value> </CmdbProperty> <CmdbProperty> <Key>organization_type</Key> <Type>string</Type>
            <Value>group</Value> </CmdbProperty> </Properties> </CmdbObject>","<CmdbObject> <ID>099b6d002ce8123e020f4d3de414fb29</ID> <Type>organization</Type>
            <Properties> <CmdbProperty> <Key>name</Key> <Type>string</Type> <Value>Default
            Owner</Value> </CmdbProperty> <CmdbProperty> <Key>organization_type</Key> <Type>string</Type>
            <Value>group</Value> </CmdbProperty> </Properties> </CmdbObject>","<CmdbObject> <ID>099b6d002ce8123e020f4d3de414fb29</ID> <Type>organization</Type>
            <Properties> <CmdbProperty> <Key>name</Key> <Type>string</Type> <Value>Default
            Owner</Value> </CmdbProperty> <CmdbProperty> <Key>organization_type</Key> <Type>string</Type>
            <Value>group</Value> </CmdbProperty> </Properties> </CmdbObject>","string",No,
notification.number.of.publish.tasks,"6","6","6","number",No,
operation.deploy.content.pack.timeout,"7200000","7200000","7200000","number",No,
operation.deploy.packages.merge,"false","false","false","boolean",No,
operation.deploy.packages.script.merge,"false","false","false","boolean",No,
operation.deploy.packages.timeout,"3600000","3600000","3600000","number",No,
operation.ids.stack.size,"-1","-1","-1","number",Yes,
operation.slow.log.threshold,"5","5","5","number",Yes,
operation.statistics.dump.minutes,"15","15","15","number",Yes,
operation.statistics.worst.num,"10","10","10","number",Yes,
pbv.max.perspectives.to.start.use.remove.on.update,"0","0","0","number",Yes,
plugins.raw.event.qualifiers,"STATIC","STATIC","STATIC","string",No,
population.chunk.size,"3000","3000","3000","number",No,
probe.data.advanced.collection,"true","true","true","boolean",Yes,
probe.data.refresh.full.threshold,"300","300","300","number",Yes,
probe.data.refresh.threshold,"30","30","30","number",Yes,
probe.operation.use.compression,"true","true","true","boolean",No,
push.remote.action.timeout,"1200000","1200000","1200000","number",No,
push.remote.pickup.timeout,"30000","30000","30000","number",No,
quota.check.enabled,"true","true","true","boolean",Yes,
quota.ftql.max.number.of.objects.in.external.result,"100000","100000","100000","number",Yes,
quota.ftql.max.number.of.objects.in.internal.result,"100000","100000","100000","number",Yes,
quota.ftql.max.number.of.objects.to.federate.with,"2000000","2000000","2000000","number",Yes,
quota.loader.name,"settings","settings","settings","string",Yes,
quota.name.customer.model.objects,"20000000","20000000","20000000","number",No,
quota.name.customer.tql.active,"3400","3400","3400","number",No,
quota.name.server.model.objects,"40000000","40000000","40000000","number",Yes,
quota.name.server.tql.active,"3400","3400","3400","number",Yes,
quota.replication.max.number.of.objects.in.external.result,"500000","500000","500000","number",Yes,
quota.scheduler.interval.sec,"900","900","900","number",Yes,
reconciliation.auto.truncate.db.encoding,"UTF-8","UTF-8","UTF-8","string",No,
reconciliation.data.container.size.fuse,"100000","100000","100000","number",No,
reconciliation.data.container.undo.fuse,"1000000","1000000","1000000","number",No,
reconciliation.dump.bulks,"false","false","false","boolean",No,
reconciliation.identification.map.entry.fuse,"5000","5000","5000","number",No,
reconciliation.identification.map.fuse,"2000000","2000000","2000000","number",No,
reconciliation.identification.map.trove.impl,"true","true","true","boolean",No,
reconciliation.identification.optimized.types,"process","process","process","string",No,
reconciliation.internal.data.container.size.fuse,"200000","200000","200000","number",No,
reconciliation.log.message.max.size,"10485760","10485760","10485760","number",No,
reconciliation.match.attributes,"","","","string",No,
reconciliation.min.ci.rate,"1500","1500","1500","number",No,
reconciliation.multiple.match.data.container.heuristic.connected.threshold,"5000","5000","5000","number",No,
reconciliation.multiple.match.data.container.heuristic.multiplier,"2","2","2","number",No,
reconciliation.multiple.match.data.container.heuristic.threshold,"150","150","150","number",No,
reconciliation.prefer.crg.container,"false","false","false","boolean",No,
reconciliation.should.run.upgrade,"true","true","true","boolean",No,
reconciliation.tenantaware.citypes,"","","","string",No,
remote.users.repository.mode,"true","false","false","boolean",Yes,
replication.chunk.size,"4000","4000","4000","number",No,
replication.ci.status.parameters.size,"10000","10000","10000","number",No,
replication.failures.threshold,"20000","20000","20000","number",No,
replication.max.displayed.failures,"100","100","100","number",No,
replication.shared.ips,"","","","string",No,
replication.timeout,"18000000","18000000","18000000","number",No,
reports.archiving.max.count.overall,"250","250","250","number",No,
reports.archiving.max.count.per.saved.report,"5","5","5","number",No,
reports.saving.root.path,"","","","string",No,
restrict.jmx.to.localhost,"false","true","true","boolean",Yes,
restrict.login.mechanism,"false","false","false","boolean",Yes,
root.cause.analysis.expanding.tql.max.result.size,"100000","100000","100000","number",No,
root.cause.analysis.expanding.tql.perspective.name,"related business models for root cause","related business models for root cause","related business models for root cause","string",Yes,
root.cause.analysis.ignored.citypes,"","","","string",Yes,
root.cause.analysis.max.result.size.for.applying.perspective,"100000","100000","100000","number",No,
sap.integration.enabled,"false","false","false","boolean",Yes,
security.filter.header.allowed.host,".*",".*",".*","string",Yes,
security.user.maximum.login.sessions.allowed,"0","0","0","number",Yes,
security.user.password.default,"","","","string",Yes,
security.user.password.expiry.after.no.of.days,"90","90","90","number",Yes,
security.user.password.expiry.after.no.of.generations,"4","4","4","number",Yes,
security.user.password.minimum.length,"8","8","8","number",Yes,
security.user.password.use.default.policy,"true","true","true","boolean",Yes,
sensitive.settings.list,"jetty.connections.http.probe.basicAuthentication.defaultPassword,alternate.smtp.server.password,smtp.server.password,smtp.server.username,alternate.smtp.server.username","jetty.connections.http.probe.basicAuthentication.defaultPassword,alternate.smtp.server.password,smtp.server.password,smtp.server.username,alternate.smtp.server.username","jetty.connections.http.probe.basicAuthentication.defaultPassword,alternate.smtp.server.password,smtp.server.password,smtp.server.username,alternate.smtp.server.username","string",Yes,
server.sync.session.timeout,"3600","3600","3600","number",Yes,
settings.ldap.subgroups.initial.check,"true","true","true","boolean",Yes,
show.hidden.datastores,"false","false","false","boolean",No,
skip.domain.validation,"false","false","false","boolean",Yes,
skip.enforcement.operation.entry.point,"true","true","true","boolean",Yes,
slow.log.open.connections.threshold,"600","600","600","number",Yes,
smtp.server.isSSL,"true","true","true","boolean",Yes,
smtp.server.name,"","","","string",Yes,
smtp.server.password,"******","","","string",Yes,
smtp.server.port,"25","25","25","string",Yes,
smtp.server.username,"******","","","string",Yes,
statistics.gathering.enabled,"true","true","true","boolean",Yes,
statistics.gathering.interval,"15","15","15","number",Yes,
suite,"","","","string",Yes,
systemtql.cache.clean.freq.hr,"6","6","6","number",No,
systemtql.is.enabled,"true","true","true","boolean",Yes,
systemtql.lifetime.hr,"168","168","168","number",No,
systemtql.max.result.size,"1000","1000","1000","number",No,
systemtql.max.seconds.waiting.semaphore,"180","180","180","number",No,
systemtql.min.query.time.ms,"10000","10000","10000","number",No,
task.DataAccess.Manager.getAdapterClassesConfig.timeOut,"20000","20000","20000","number",No,
tenants.cache.enabled,"true","true","true","boolean",Yes,
topdown.parallel.size,"4","4","4","number",Yes,
topdown.scheduler.interval,"10000","10000","10000","number",Yes,
tql.cache.max.objects,"300000000","300000000","300000000","number",No,
tql.compound.link.max.start.objects,"500000","500000","500000","number",No,
tql.compound.link.max.temp.result,"50000000","50000000","50000000","number",No,
tql.compound.link.max.visited.objects,"200000000","200000000","200000000","number",No,
tql.condition.max.relevant.time.min,"2880","2880","2880","number",No,
tql.condition.query.time.startpoint.rechoose,"10000","10000","10000","number",No,
tql.condition.result.size.startpoint.rechoose,"8000","8000","8000","number",No,
tql.condition.score.resultsize.contribution,"0.9","0.9","0.9","number",No,
tql.conditionstatistics.refresh.seconds,"3600","3600","3600","number",No,
tql.dfs.max.temp.results,"15000000","15000000","15000000","number",No,
tql.elementcondition.query.validity.hours,"72","72","72","number",No,
tql.federated.max.pending.requests,"10","10","10","number",No,
tql.federated.max.pending.time,"600000","600000","600000","number",No,
tql.federated.mds.max.created.graphs,"1000","1000","1000","number",No,
tql.group.all.active.count,"200","200","200","number",No,
tql.group.all.result.size,"10000000","10000000","10000000","number",No,
tql.group.collectors.active.count,"600","600","600","number",No,
tql.group.collectors.initialized.count,"600","600","600","number",No,
tql.group.collectors.result.size,"200000","200000","200000","number",No,
tql.group.enrichment.active.count,"200","200","200","number",No,
tql.group.enrichment.initialized.count,"200","200","200","number",No,
tql.group.enrichment.result.size,"1000000","1000000","1000000","number",No,
tql.group.impact.active.count,"200","200","200","number",No,
tql.group.impact.result.size,"200000","200000","200000","number",No,
tql.group.report.active.count,"200","200","200","number",No,
tql.group.report.initialized.count,"200","200","200","number",No,
tql.group.report.result.size,"200000","200000","200000","number",No,
tql.group.reveal.active.count,"200","200","200","number",No,
tql.group.reveal.initialized.count,"200","200","200","number",No,
tql.group.reveal.result.size,"200000","200000","200000","number",No,
tql.group.view.active.count,"2000","2000","2000","number",No,
tql.group.view.initialized.count,"1000","1000","1000","number",No,
tql.group.view.result.size,"100000","100000","100000","number",No,
tql.ids.condition.threshold.percent,"40","40","40","number",No,
tql.incremental.calculation.enabled,"true","true","true","boolean",No,
tql.incremental.max.events.num,"3000","3000","3000","number",No,
tql.incremental.max.sub.calculations,"100","100","100","number",No,
tql.instances.max.allowed,"50000","50000","50000","number",No,
tql.max.ci.flayout.allowed,"300000","300000","300000","number",No,
tql.max.ci.layout.allowed,"600000","600000","600000","number",No,
tql.max.objects.visit.model.calc.task,"30000000","30000000","30000000","number",No,
tql.max.result.size.layout.retrieval,"200000","200000","200000","number",No,
tql.min.links.num.to.sort,"100","100","100","number",No,
tql.monitored.max.changes,"200000","200000","200000","number",No,
tql.optimization.dbquery.good.size.dbquery.after.topology,"20","20","20","number",No,
tql.optimization.dbquery.good.time.dbquery.after.topology,"500","500","500","number",No,
tql.optimization.dbquery.max.objects.returned.before.topology,"200000","200000","200000","number",No,
tql.optimization.dbquery.max.time.dbquery.after.topology,"30000","30000","30000","number",No,
tql.optimization.dbquery.max.time.dbquery.before.topology,"10000","10000","10000","number",No,
tql.optimization.dbquery.min.filter.ratio,"0.5","0.5","0.5","number",No,
tql.optimization.dbquery.min.ids.after.topology,"5000","5000","5000","number",No,
tql.optimization.dbquery.min.improvement,"0.7","0.7","0.7","number",No,
tql.optimization.dbquery.min.original.result.size,"200000","200000","200000","number",No,
tql.optimization.optimizer.enabled,"true","true","true","boolean",No,
tql.optimization.structure.optimizer.enabled,"false","false","false","boolean",No,
tql.pattern.calc.process.manager.async.thread.pool.size,"4","4","4","number",No,
tql.result.size.threshold.patternoverpattern,"200000","200000","200000","number",No,
tql.resultless.incremental.max.events.num,"20000","20000","20000","number",No,
tql.resultrepository.ciritical.num.of.objects,"200000000","200000000","200000000","number",No,
tql.resultrepository.passivate.timer.time,"600000","600000","600000","number",No,
tql.resultrepository.result.keepingperiod.before.warn.critical.minutes,"10","10","10","number",No,
tql.resultrepository.result.keepingperiod.before.warn.minutes,"60","60","60","number",No,
tql.resultrepository.result.keepingperiod.critical.minutes,"20","20","20","number",No,
tql.resultrepository.result.keepingperiod.minutes,"90","90","90","number",No,
tql.resultrepository.timer.time,"10000","10000","10000","number",No,
tql.resultrepository.tmpresult.keepingperiod.seconds,"3600","3600","3600","number",No,
tql.resultutils.adhoc.validate,"true","true","true","boolean",No,
tql.resultutils.chunk.keepingperiod.seconds,"300","300","300","number",No,
tql.resultutils.chunk.maxnotificationsize,"50000","50000","50000","number",No,
tql.resultutils.chunk.maxresultsize,"100000","100000","100000","number",No,
tql.resultutils.chunk.patterninstancesthreshold,"4000","4000","4000","number",No,
tql.scheduler.statistics.logupdate.interval.time.millisec,"3600000","3600000","3600000","number",No,
tql.scheduler.statistics.maxcalculation,"50","50","50","number",Yes,
tql.scheduler.timer.time,"2000","2000","2000","number",No,
tql.sdk.topology.default.impl.type,"lists","lists","lists","enumeration",No,
tql.server.results.chunk.keepingperiod.seconds,"3600","3600","3600","number",No,
tql.startpoint.max.rechoose.times,"3","3","3","number",No,
tql.statemachine.fail.recover.time,"604800","604800","604800","number",No,
tql.statemachine.fail.retries,"2","2","2","number",No,
tql.statemachine.first.fail.recover.time,"30","30","30","number",No,
tql.statemachine.second.fail.recover.time,"300","300","300","number",No,
tql.statemachine.third.fail.recover.time,"86400","86400","86400","number",No,
tql.threads.pool.size,"0","0","0","number",No,
tql.total.initialized.count,"3000","3000","3000","number",No,
tql.tracker.abandon.run.time.in.min,"120","120","120","number",No,
tql.tracker.days.till.dispose.event,"7","7","7","number",No,
tql.tracker.days.till.next.tql.run.after.fail,"1","1","1","number",No,
tql.tracker.disposer.task.hour.of.first.run,"3","3","3","number",No,
tql.tracker.disposer.task.interval.in.hours,"24","24","24","number",No,
tql.tracker.min.time.between.tracker.runs.in.min,"240","240","240","number",No,
tql.tracker.queue.evaluation.initial.delay.in.min,"30","30","30","number",No,
tql.tracker.queue.evaluation.period.in.min,"20","20","20","number",No,
tql.tracker.queue.max.single.run.time.in.min,"10","10","10","number",No,
tql.update.min.objects.for.supercollection,"15","15","15","number",No,
tql.validation.max.cartesian.product,"10000","10000","10000","number",No,
tql.validation.max.vars.propertiescondition,"50","50","50","number",No,
ucmdb.newui.dashboard.size,"100","100","100","number",Yes,
ucmdb.wsapi.query.chunk.size,"500","500","500","number",No,
ucmdb_browser.auto_completion_search,"true","true","true","boolean",Yes,
ucmdb_browser.automation_widget_enabled,"false","false","false","boolean",Yes,
ucmdb_browser.branding.banner_stylesheet_url,"","","","string",Yes,
ucmdb_browser.branding.banner_text,"","","","string",Yes,
ucmdb_browser.branding.header_icon_url,"","","","string",Yes,
ucmdb_browser.branding.header_text,"","","","string",Yes,
ucmdb_browser.branding.page_icon_url,"","","","string",Yes,
ucmdb_browser.branding.page_product_name,"","","","string",Yes,
ucmdb_browser.bsm_widget_configuration.data_stores,"BSM Kpi Adapter","BSM Kpi Adapter","BSM Kpi Adapter","string",Yes,
ucmdb_browser.bsm_widget_configuration.enabled,"false","false","false","boolean",Yes,
ucmdb_browser.cache_valid_duration,"5","5","5","number",Yes,
ucmdb_browser.categories.enabled,"true","true","true","boolean",No,
ucmdb_browser.cm_configuration.enabled,"false","false","false","boolean",Yes,
ucmdb_browser.config.access.ucmdb.home.link,"false","false","false","boolean",Yes,
ucmdb_browser.config.override_access.ucmdb.home_url,"false","false","false","boolean",Yes,
ucmdb_browser.config.override_ucmdb_browser_url,"true","true","true","boolean",Yes,
ucmdb_browser.context_get_related,"true","true","true","boolean",Yes,
ucmdb_browser.context_get_related_maximum,"20","20","20","number",Yes,
ucmdb_browser.custom_logout_url,"","","","string",Yes,
ucmdb_browser.custom_user_help_page_url,"","","","string",Yes,
ucmdb_browser.customers_states,"false","false","false","boolean",Yes,
ucmdb_browser.defects_widget_configuration.description_attribute_name,"DefectSummary","DefectSummary","DefectSummary","string",Yes,
ucmdb_browser.defects_widget_configuration.enabled,"false","false","false","boolean",Yes,
ucmdb_browser.defects_widget_configuration.filtering_attribute_name,"target_release","target_release","target_release","string",Yes,
ucmdb_browser.defects_widget_configuration.search_refining_attribute_names,"DefectReferenceNumber,DefectSummary","DefectReferenceNumber,DefectSummary","DefectReferenceNumber,DefectSummary","string",Yes,
ucmdb_browser.defects_widget_configuration.severity_high_values,"3:High","3:High","3:High","string",Yes,
ucmdb_browser.defects_widget_configuration.severity_low_values,"1:Low","1:Low","1:Low","string",Yes,
ucmdb_browser.defects_widget_configuration.severity_medium_values,"2:Medium","2:Medium","2:Medium","string",Yes,
ucmdb_browser.defects_widget_configuration.severity_urgent_values,"5:Urgent","5:Urgent","5:Urgent","string",Yes,
ucmdb_browser.defects_widget_configuration.severity_very_high_values,"4:Very High","4:Very High","4:Very High","string",Yes,
ucmdb_browser.direct_link_config.show_direct_link,"true","true","true","boolean",Yes,
ucmdb_browser.ec_link.enabled,"false","false","false","boolean",Yes,
ucmdb_browser.history_expanded_widget_configuration.default_date_interval,"7","7","7","number",Yes,
ucmdb_browser.history_widget_configuration.preview_chart_time_frame,"month","month","month","string",Yes,
ucmdb_browser.impact_widget_rules_bundles,"","","","string",Yes,
ucmdb_browser.incident_widget_configuration.enabled,"false","false","false","boolean",Yes,
ucmdb_browser.incident_widget_configuration.incident_direct_link_url,"http://10.0.0.1:8080/webtier-9.30/index.do?ctx=docEngine","http://10.0.0.1:8080/webtier-9.30/index.do?ctx=docEngine&file=probsummary&query=number%3D%22{$INCIDENT_ID}%22","http://10.0.0.1:8080/webtier-9.30/index.do?ctx=docEngine&file=probsummary&query=number%3D%22{$INCIDENT_ID}%22","string",Yes,
ucmdb_browser.incident_widget_configuration.major_incident_priority_list,"2_high","2_high","2_high","string",Yes,
ucmdb_browser.incident_widget_configuration.minor_incident_priority_list,"3_average","3_average","3_average","string",Yes,
ucmdb_browser.incident_widget_configuration.none_incident_priority_list,"4_low","4_low","4_low","string",Yes,
ucmdb_browser.incident_widget_configuration.open_incident_status_list,"open","open","open","string",Yes,
ucmdb_browser.incident_widget_configuration.urgent_incident_priority_list,"1_critical","1_critical","1_critical","string",Yes,
ucmdb_browser.ldap_configuration.enabled,"false","false","false","boolean",Yes,
ucmdb_browser.ldap_configuration.permitted_groups,"group-1, group-2","group-1, group-2","group-1, group-2","string",Yes,
ucmdb_browser.maximum_sessions_per_user,"0","0","0","number",Yes,
ucmdb_browser.merge_folded_cis,"true","true","true","boolean",Yes,
ucmdb_browser.modeling_configuration.classifications_ordering,"","","","string",Yes,
ucmdb_browser.modeling_configuration.derive_modeling_enabled,"false","false","false","boolean",Yes,
ucmdb_browser.modeling_configuration.enable_validation,"false","false","false","boolean",Yes,
ucmdb_browser.modeling_configuration.layers_ordering,"business_enablement,application_and_services,software,infrastructure,virtualization_infrastructure,facilities","business_enablement,application_and_services,software,infrastructure,virtualization_infrastructure,facilities","business_enablement,application_and_services,software,infrastructure,virtualization_infrastructure,facilities","string",Yes,
ucmdb_browser.notifications.enabled,"true","true","true","boolean",No,
ucmdb_browser.number_of_allowed_emails_per_second,"5","5","5","number",Yes,
ucmdb_browser.number_of_allowed_templates,"100","100","100","number",Yes,
ucmdb_browser.parallel_rpc_calls,"10","10","10","number",Yes,
ucmdb_browser.pdf.enabled,"false","false","false","boolean",No,
ucmdb_browser.problem_widget_configuration.enabled,"false","false","false","boolean",Yes,
ucmdb_browser.problem_widget_configuration.problem_direct_link_url,"http://10.0.0.1:8080/webtier-9.30/index.do?ctx=docEngine","http://10.0.0.1:8080/webtier-9.30/index.do?ctx=docEngine&file=rootcause&query=id%3D%22{$PROBLEM_ID}%22","http://10.0.0.1:8080/webtier-9.30/index.do?ctx=docEngine&file=rootcause&query=id%3D%22{$PROBLEM_ID}%22","string",Yes,
ucmdb_browser.properties_widget_configuration.dynamic_attribute_qualifiers,"<a_qs>   <a_q label="CMS Browser Visible" name="CMS_PROPERTIES_ATTRIBUTE">       <d_i default="false" type="BOOLEAN" label="Visible in preview mode" name="PREVIEW_MODE_VISIBLE"/>       <d_i default="0" type="INTEGER" label="Properties group assignment" name="PROPERTIES_GROUP_NUMBER">           <option value="0" label="Not Defined"/>           <option value="1" label="Core"/>           <option value="2" label="Complementary"/>           <option value="3" label="Additional"/>       </d_i>   </a_q>   <a_q label="CMS Browser Editable" name="CMS_EDITABLE_ATTRIBUTE"/>   <a_q label="CMS Browser Searchable" name="CMS_SEARCHABLE_ATTRIBUTE"/><a_q label="Hide in Modeling" name="CMS_EDIT_HIDDEN_ATTRIBUTE"/><a_q label="Hide in Export Search Results" name="CMS_HIDE_IN_EXPORT_RESULTS"/><a_q label="Hide in Properties Widget" name="CMS_HIDE_IN_PROPERTIES_WIDGET"/></a_qs>","","","string",Yes,
ucmdb_browser.properties_widget_configuration.show_empty_attributes,"false","false","false","boolean",Yes,
ucmdb_browser.query_services,"false","false","false","boolean",Yes,
ucmdb_browser.removed_widgets,"PROPERTIES, ENVIRONMENT, IMPACT, POLICY, RFC, INCIDENT","PROPERTIES, ENVIRONMENT, IMPACT, POLICY, RFC, INCIDENT","PROPERTIES, ENVIRONMENT, IMPACT, POLICY, RFC, INCIDENT","string",Yes,
ucmdb_browser.removed_widgets.enabled,"false","false","false","boolean",Yes,
ucmdb_browser.report_thousand_delimiter,",",",",",","string",Yes,
ucmdb_browser.reports_enabled,"true","true","true","boolean",Yes,
ucmdb_browser.results_export_mode.exclude_ownerlocation,"false","false","false","boolean",Yes,
ucmdb_browser.results_export_mode.export_mode,"true","true","true","boolean",Yes,
ucmdb_browser.save_reports_folder,"","","","string",Yes,
ucmdb_browser.search_config.federated_search_enabled,"false","false","false","boolean",Yes,
ucmdb_browser.search_config.pagesize,"16","16","16","number",Yes,
ucmdb_browser.search_config.use_cms_qualifier_results_only,"false","false","false","boolean",Yes,
ucmdb_browser.search_config.use_modeling_enabled_results_also,"true","true","true","boolean",Yes,
ucmdb_browser.security_widget_configuration.enabled,"false","false","false","boolean",Yes,
ucmdb_browser.security_widget_configuration.ev_url,"http://ev_host_name:8080/redcat/main.htm#RiskDashboardPage","http://ev_host_name:8080/redcat/main.htm#RiskDashboardPage","http://ev_host_name:8080/redcat/main.htm#RiskDashboardPage","string",Yes,
ucmdb_browser.security_widget_configuration.security_kpi_datastores,"EnterpriseViewDataSource","EnterpriseViewDataSource","EnterpriseViewDataSource","string",Yes,
ucmdb_browser.service_discovery_activity_run_every_hours,"24","24","24","number",Yes,
ucmdb_browser.service_modeling.service_map_refresh_interval,"10","10","10","number",Yes,
ucmdb_browser.session_timeout_enabled,"false","false","false","boolean",Yes,
ucmdb_browser.settings.cache_valid_duration,"120","120","120","number",Yes,
ucmdb_browser.sheduled_report_email_domains,"sample.com","sample.com","sample.com","string",Yes,
ucmdb_browser.show_location,"true","true","true","boolean",Yes,
ucmdb_browser.show_owner,"true","true","true","boolean",Yes,
ucmdb_browser.silent_upgrade.enabled,"false","true","true","boolean",Yes,
ucmdb_browser.sm_configuration.enabled,"false","false","false","boolean",Yes,
ucmdb_browser.sm_configuration.in_progress_change_phase_list,"implementation","implementation","implementation","string",Yes,
ucmdb_browser.sm_configuration.planned_change_phase_list,"approval","approval","approval","string",Yes,
ucmdb_browser.sm_configuration.recent_change_phase_list,"evaluation,closure","evaluation,closure","evaluation,closure","string",Yes,
ucmdb_browser.sm_configuration.sm_url,"http://10.0.0.1:8080/webtier-9.30/index.do?ctx=docEngine","http://10.0.0.1:8080/webtier-9.30/index.do?ctx=docEngine&file=cm3r&query=number%3D%22{$RFC_ID}%22","http://10.0.0.1:8080/webtier-9.30/index.do?ctx=docEngine&file=cm3r&query=number%3D%22{$RFC_ID}%22","string",Yes,
ucmdb_browser.stakeholder_widget_configuration.image_url,"http://www.gravatar.com/avatar/[email","http://www.gravatar.com/avatar/[email]?s=42&d=mm","http://www.gravatar.com/avatar/[email]?s=42&d=mm","string",Yes,
ucmdb_browser.user_statistics,"false","false","false","boolean",Yes,
ucmdb_browser.weekend,"Sat,Sun","Sat,Sun","Sat,Sun","string",Yes,
ucmdb_browser.widgets_order,"PROPERTIES, ENVIRONMENT, IMPACT, HISTORY, POLICY, RFC, INCIDENT, PROBLEM, BSM, STAKEHOLDER,","PROPERTIES, ENVIRONMENT, IMPACT, HISTORY, POLICY, RFC, INCIDENT, PROBLEM, BSM, STAKEHOLDER,
            AUTOMATION, SECURITY, DEFECTS","PROPERTIES, ENVIRONMENT, IMPACT, HISTORY, POLICY, RFC, INCIDENT, PROBLEM, BSM, STAKEHOLDER,
            AUTOMATION, SECURITY, DEFECTS","string",Yes,
ucmdb_browser.widgets_order.enabled,"true","true","true","boolean",Yes,
ui.framing.host,"","","","string",Yes,
umcdb.custom.title,"","","","string",Yes,
upgrade.classmodel.deployment.file.name,"/cmdb/classmodel/upgrade","/cmdb/classmodel/upgrade","/cmdb/classmodel/upgrade","string",No,
upgrade.enabled,"true","true","true","boolean",Yes,
upgrader.BasicClassModelManipulateDbUpgrader.ClassModelManager,"","","","string",No,
upgrader.BasicClassModelUpgrader.ModelQueryManager,"","","","string",No,
upgrader.ClassModelEnforceDiffUpgrader.ModelQueryManager,"","","","string",No,
upgrader.ClassModelUpgrader.ClassModelManager,"","","","string",No,
upgrader.CreateChangesTablesUpgrader.ModelTopology,"","","","string",No,
upgrader.DataModelCalculatedAttributeUpgrader.ModelUpdateManager,"","","","string",No,
upgrader.DbColumnsUpgrader.ModelQueryManager,"","","","string",No,
upgrader.cmdb,"10.33","","","string",No,
upgrader.history.archived.views.batch.size,"10","10","10","number",Yes,
upgrader.history.db.sql.statment.chunk.size,"100000","100000","100000","number",Yes,
urm.history.is.enabled,"true","true","true","boolean",Yes,
urm.hybrid.cache.size,"150","150","150","number",Yes,
urm.statistics,"true","true","true","boolean",Yes,
urm.statistics.dump.minutes,"15","15","15","number",Yes,
urm.statistics.with.get,"false","false","false","boolean",Yes,
urm.statistics.with.names,"false","false","false","boolean",Yes,
urm.statistics.worst.num,"10","10","10","number",Yes,
view.fuse.maximum.elements.in.result.tree,"100000","100000","100000","number",No,
view.fuse.maximum.elements.in.tql.result,"30000","30000","30000","number",No,
view.fuse.maximum.models.in.result,"400000","400000","400000","number",No,
view.probeStatue.maximum.timeout,"30000","30000","30000","number",No,
vt.immediateChildrenCount,"50","50","50","number",No,
vt.maximalChildrenCount,"200","200","200","number",No,
vt.maximalSearchResultsSize,"500","500","500","number",No,
vt.mostRecentlyUsedViewsListSize,"7","7","7","number",No,
web.app.port,"8080","8080","8080","number",Yes,
web.app.protocol,"http","http","http","string",Yes,
